--
-- PostgreSQL database dump
--

-- Dumped from database version 16.4 (Debian 16.4-1.pgdg120+1)
-- Dumped by pg_dump version 16.4 (Ubuntu 16.4-1.pgdg20.04+1)

SET statement_timeout = 0;
SET lock_timeout = 0;
SET idle_in_transaction_session_timeout = 0;
SET client_encoding = 'UTF8';
SET standard_conforming_strings = on;
SELECT pg_catalog.set_config('search_path', '', false);
SET check_function_bodies = false;
SET xmloption = content;
SET client_min_messages = warning;
SET row_security = off;

SET default_tablespace = '';

SET default_table_access_method = heap;

--
-- Name: chat_room; Type: TABLE; Schema: public; Owner: postgres
--

CREATE TABLE public.chat_room (
    id bigint NOT NULL,
    member1_id character varying(255),
    member2_id character varying(255)
);


ALTER TABLE public.chat_room OWNER TO postgres;

--
-- Name: chat_room_id_seq; Type: SEQUENCE; Schema: public; Owner: postgres
--

ALTER TABLE public.chat_room ALTER COLUMN id ADD GENERATED BY DEFAULT AS IDENTITY (
    SEQUENCE NAME public.chat_room_id_seq
    START WITH 1
    INCREMENT BY 1
    NO MINVALUE
    NO MAXVALUE
    CACHE 1
);


--
-- Name: file_data; Type: TABLE; Schema: public; Owner: postgres
--

CREATE TABLE public.file_data (
    id bigint NOT NULL,
    original_name character varying(255),
    path character varying(255),
    saved_name character varying(255),
    type character varying(255)
);


ALTER TABLE public.file_data OWNER TO postgres;

--
-- Name: file_data_id_seq; Type: SEQUENCE; Schema: public; Owner: postgres
--

ALTER TABLE public.file_data ALTER COLUMN id ADD GENERATED BY DEFAULT AS IDENTITY (
    SEQUENCE NAME public.file_data_id_seq
    START WITH 1
    INCREMENT BY 1
    NO MINVALUE
    NO MAXVALUE
    CACHE 1
);


--
-- Name: friend_request; Type: TABLE; Schema: public; Owner: postgres
--

CREATE TABLE public.friend_request (
    id bigint NOT NULL,
    receiver_id character varying(255),
    sender_id character varying(255)
);


ALTER TABLE public.friend_request OWNER TO postgres;

--
-- Name: friend_request_id_seq; Type: SEQUENCE; Schema: public; Owner: postgres
--

ALTER TABLE public.friend_request ALTER COLUMN id ADD GENERATED BY DEFAULT AS IDENTITY (
    SEQUENCE NAME public.friend_request_id_seq
    START WITH 1
    INCREMENT BY 1
    NO MINVALUE
    NO MAXVALUE
    CACHE 1
);


--
-- Name: member; Type: TABLE; Schema: public; Owner: postgres
--

CREATE TABLE public.member (
    id character varying(255) NOT NULL,
    auth_email boolean NOT NULL,
    birthday date,
    email character varying(255),
    gender character(1) NOT NULL,
    name character varying(255),
    password character varying(255),
    role character varying(255),
    status_message character varying(255),
    profile_pic_id bigint
);


ALTER TABLE public.member OWNER TO postgres;

--
-- Name: member_friends; Type: TABLE; Schema: public; Owner: postgres
--

CREATE TABLE public.member_friends (
    member_id character varying(255) NOT NULL,
    friends_id character varying(255) NOT NULL
);


ALTER TABLE public.member_friends OWNER TO postgres;

--
-- Name: message; Type: TABLE; Schema: public; Owner: postgres
--

CREATE TABLE public.message (
    id bigint NOT NULL,
    content character varying(255),
    "timestamp" timestamp(6) without time zone,
    chat_room_id bigint,
    receiver_id character varying(255),
    sender_id character varying(255)
);


ALTER TABLE public.message OWNER TO postgres;

--
-- Name: message_id_seq; Type: SEQUENCE; Schema: public; Owner: postgres
--

ALTER TABLE public.message ALTER COLUMN id ADD GENERATED BY DEFAULT AS IDENTITY (
    SEQUENCE NAME public.message_id_seq
    START WITH 1
    INCREMENT BY 1
    NO MINVALUE
    NO MAXVALUE
    CACHE 1
);


--
-- Name: music; Type: TABLE; Schema: public; Owner: postgres
--

CREATE TABLE public.music (
    id integer NOT NULL,
    artist character varying(255),
    favorite boolean,
    modified_music_xml_route character varying(255),
    music_img character varying(255),
    music_xml_route character varying(255),
    title character varying(9),
    upload_date date,
    user_id character varying(255)
);


ALTER TABLE public.music OWNER TO postgres;

--
-- Name: music_high_score; Type: TABLE; Schema: public; Owner: postgres
--

CREATE TABLE public.music_high_score (
    id integer NOT NULL,
    score integer NOT NULL,
    user_id character varying(255) NOT NULL,
    music_id integer NOT NULL
);


ALTER TABLE public.music_high_score OWNER TO postgres;

--
-- Name: music_high_score_id_seq; Type: SEQUENCE; Schema: public; Owner: postgres
--

ALTER TABLE public.music_high_score ALTER COLUMN id ADD GENERATED BY DEFAULT AS IDENTITY (
    SEQUENCE NAME public.music_high_score_id_seq
    START WITH 1
    INCREMENT BY 1
    NO MINVALUE
    NO MAXVALUE
    CACHE 1
);


--
-- Name: music_id_seq; Type: SEQUENCE; Schema: public; Owner: postgres
--

ALTER TABLE public.music ALTER COLUMN id ADD GENERATED BY DEFAULT AS IDENTITY (
    SEQUENCE NAME public.music_id_seq
    START WITH 1
    INCREMENT BY 1
    NO MINVALUE
    NO MAXVALUE
    CACHE 1
);


--
-- Name: music_practice; Type: TABLE; Schema: public; Owner: postgres
--

CREATE TABLE public.music_practice (
    id integer NOT NULL,
    practice_count integer NOT NULL,
    practice_date date,
    user_id character varying(255),
    music_id integer
);


ALTER TABLE public.music_practice OWNER TO postgres;

--
-- Name: music_practice_id_seq; Type: SEQUENCE; Schema: public; Owner: postgres
--

ALTER TABLE public.music_practice ALTER COLUMN id ADD GENERATED BY DEFAULT AS IDENTITY (
    SEQUENCE NAME public.music_practice_id_seq
    START WITH 1
    INCREMENT BY 1
    NO MINVALUE
    NO MAXVALUE
    CACHE 1
);


--
-- Name: music_test; Type: TABLE; Schema: public; Owner: postgres
--

CREATE TABLE public.music_test (
    id integer NOT NULL,
    grade integer NOT NULL,
    test_date date,
    user_id character varying(255),
    music_id integer
);


ALTER TABLE public.music_test OWNER TO postgres;

--
-- Name: music_test_id_seq; Type: SEQUENCE; Schema: public; Owner: postgres
--

ALTER TABLE public.music_test ALTER COLUMN id ADD GENERATED BY DEFAULT AS IDENTITY (
    SEQUENCE NAME public.music_test_id_seq
    START WITH 1
    INCREMENT BY 1
    NO MINVALUE
    NO MAXVALUE
    CACHE 1
);


--
-- Name: notification; Type: TABLE; Schema: public; Owner: postgres
--

CREATE TABLE public.notification (
    id bigint NOT NULL,
    content character varying(255),
    created_at timestamp(6) without time zone,
    type character varying(255),
    friend_request_id bigint,
    receiver_id character varying(255)
);


ALTER TABLE public.notification OWNER TO postgres;

--
-- Name: notification_id_seq; Type: SEQUENCE; Schema: public; Owner: postgres
--

ALTER TABLE public.notification ALTER COLUMN id ADD GENERATED BY DEFAULT AS IDENTITY (
    SEQUENCE NAME public.notification_id_seq
    START WITH 1
    INCREMENT BY 1
    NO MINVALUE
    NO MAXVALUE
    CACHE 1
);


--
-- Name: user_streak; Type: TABLE; Schema: public; Owner: postgres
--

CREATE TABLE public.user_streak (
    user_id character varying(255) NOT NULL,
    current_streak integer NOT NULL,
    last_practiced_date date,
    max_streak integer NOT NULL
);


ALTER TABLE public.user_streak OWNER TO postgres;

--
-- Data for Name: chat_room; Type: TABLE DATA; Schema: public; Owner: postgres
--

COPY public.chat_room (id, member1_id, member2_id) FROM stdin;
1	tsts	smsm
4	smsm	jwjw
5	tsts	jwjw
6	bummi97	smsm
9	cscs	smsm
10	cscs	tsts
11	cscs	jwjw
\.


--
-- Data for Name: file_data; Type: TABLE DATA; Schema: public; Owner: postgres
--

COPY public.file_data (id, original_name, path, saved_name, type) FROM stdin;
1	127694E1-A62E-429C-B3FC-2D9C194BB6D5 (1).png	/app/data/uploads/04aee682-7b4a-4e29-9f4f-c0d49ec35ce8	04aee682-7b4a-4e29-9f4f-c0d49ec35ce8	image/png
2	하정수.png	/app/data/uploads/99db6034-9bf0-406b-ae5e-9da5c8efd7c3	99db6034-9bf0-406b-ae5e-9da5c8efd7c3	image/png
3	서근범.jpg	/app/data/uploads/d41fcc19-bf6e-4fec-ba4a-5aa7986b94f2	d41fcc19-bf6e-4fec-ba4a-5aa7986b94f2	image/jpeg
4	양종원.jpg	/app/data/uploads/44e71e9c-8f5a-4509-9f4f-f5e58187a264	44e71e9c-8f5a-4509-9f4f-f5e58187a264	image/jpeg
5	1000022304.jpg	/app/data/uploads/930d2cf3-bda5-4011-af04-8d17ba120aa5	930d2cf3-bda5-4011-af04-8d17ba120aa5	image/jpeg
6	KakaoTalk_20240717_131727078.jpg	/app/data/uploads/d83489e4-4982-4066-be2c-a06f5bb4a94c	d83489e4-4982-4066-be2c-a06f5bb4a94c	image/jpeg
7	Dichterliebe01.pdf	/app/data/uploads/2898ab48-7d58-43f9-9c69-9dad733728b3.pdf	2898ab48-7d58-43f9-9c69-9dad733728b3.pdf	application/pdf
8	1000022304.jpg	/app/data/uploads/22102656-393e-4178-a107-c1c05a0f01a3	22102656-393e-4178-a107-c1c05a0f01a3	image/jpeg
9	버터플라이왈츠.pdf	/app/data/uploads/f67a7412-3ce9-4b6b-9849-1c3d6e66c80d.pdf	f67a7412-3ce9-4b6b-9849-1c3d6e66c80d.pdf	application/pdf
10	MozaChloSample.pdf	/app/data/uploads/3cdd47b8-e2df-4490-bf43-0e0e053be293.pdf	3cdd47b8-e2df-4490-bf43-0e0e053be293.pdf	application/pdf
11	Hanpart1.pdf	/app/data/uploads/f8ec7a33-67ea-4542-97fe-b4be01e5de71.pdf	f8ec7a33-67ea-4542-97fe-b4be01e5de71.pdf	application/pdf
12	Sonatina(O+36).pdf	/app/data/uploads/bcaf3548-4503-4897-8da1-8451056002bf.pdf	bcaf3548-4503-4897-8da1-8451056002bf.pdf	application/pdf
13	Hanpart1.pdf	/app/data/uploads/ee6968cc-859c-41b0-92eb-71f8c0bbd56c.pdf	ee6968cc-859c-41b0-92eb-71f8c0bbd56c.pdf	application/pdf
14	Piano Sonata No.5.pdf	/app/data/uploads/1f3514d2-5ad7-4be4-9fd7-3b21457b7c73.pdf	1f3514d2-5ad7-4be4-9fd7-3b21457b7c73.pdf	application/pdf
15	버터플라이왈츠.pdf	/app/data/uploads/53d23c8e-5e9a-4e9c-8923-17a782586c87.pdf	53d23c8e-5e9a-4e9c-8923-17a782586c87.pdf	application/pdf
16	Reverie, L. 68 - Complete Score.pdf	/app/data/uploads/84d5052d-f2d8-4931-ad53-ba89ad856566.pdf	84d5052d-f2d8-4931-ad53-ba89ad856566.pdf	application/pdf
17	Dichterliebe01.pdf	/app/data/uploads/2157b2a8-068b-4191-8d6c-2a21e0e4c002.pdf	2157b2a8-068b-4191-8d6c-2a21e0e4c002.pdf	application/pdf
18	Bagatelle no. 25 ''Für Elise'', WoO 59 xxx.pdf	/app/data/uploads/3c1efd07-ffe3-417f-a6ac-43f35fb5f3c0.pdf	3c1efd07-ffe3-417f-a6ac-43f35fb5f3c0.pdf	application/pdf
19	Arabesque no. 1 - Complete Score.pdf	/app/data/uploads/ac567976-b2f2-45da-a0f9-59cb757b2503.pdf	ac567976-b2f2-45da-a0f9-59cb757b2503.pdf	application/pdf
20	Prelude in A flat major, B. 86 - Complete Score.pdf	/app/data/uploads/36ff5cdb-e87b-413e-a063-7d930d7d9509.pdf	36ff5cdb-e87b-413e-a063-7d930d7d9509.pdf	application/pdf
21	Reverie, L. 68 - Complete Score.pdf	/app/data/uploads/01e7c7ff-9565-4ac1-aed4-0488d9e058fc.pdf	01e7c7ff-9565-4ac1-aed4-0488d9e058fc.pdf	application/pdf
22	히사이시조 - summer.pdf	/app/data/uploads/92311dc8-26d5-4194-a268-f2df774a48a9.pdf	92311dc8-26d5-4194-a268-f2df774a48a9.pdf	application/pdf
23	21574B40564B0B2432.pdf	/app/data/uploads/7df95801-b2dc-4821-8f64-dda05e506ed3.pdf	7df95801-b2dc-4821-8f64-dda05e506ed3.pdf	application/pdf
24	예뻤어_sample.pdf	/app/data/uploads/7cf54235-ee12-436f-9dae-08790e120fb8.pdf	7cf54235-ee12-436f-9dae-08790e120fb8.pdf	application/pdf
25	언제나 몇번이라도.pdf	/app/data/uploads/c718c79b-afcc-4eec-8b68-ddfdafbfd719.pdf	c718c79b-afcc-4eec-8b68-ddfdafbfd719.pdf	application/pdf
26	버터플라이왈츠.pdf	/app/data/uploads/d7d94233-90e5-408d-9b7e-8a73be92386a.pdf	d7d94233-90e5-408d-9b7e-8a73be92386a.pdf	application/pdf
27	ive-lovedive(ver.baguetteeee).pdf	/app/data/uploads/9bc7bd9b-0705-4b8c-b09b-57835f34f411.pdf	9bc7bd9b-0705-4b8c-b09b-57835f34f411.pdf	application/pdf
28	eleven.pdf	/app/data/uploads/5000c9af-7b73-4ad0-830f-c055f5cc3f7d.pdf	5000c9af-7b73-4ad0-830f-c055f5cc3f7d.pdf	application/pdf
29	image (10).png	/app/data/uploads/5dc8ea0d-c757-4e51-9358-6039765d5edd	5dc8ea0d-c757-4e51-9358-6039765d5edd	image/png
30	1000022304.jpg	/app/data/uploads/f6646970-c9c5-438a-a39d-83b084dbfc24	f6646970-c9c5-438a-a39d-83b084dbfc24	image/jpeg
31	rn_image_picker_lib_temp_f38c5c1b-3c84-487b-88cb-8b0ab1f0002a.jpg	/app/data/uploads/20527459-7b6c-4d0f-83c2-ea4606f91e99	20527459-7b6c-4d0f-83c2-ea4606f91e99	image/jpeg
32	인어공주.pdf	/app/data/uploads/6060db27-e87d-42b0-bcf3-ac282942d802.pdf	6060db27-e87d-42b0-bcf3-ac282942d802.pdf	application/pdf
33	3d5eaee2-4238-4acb-b9b1-09a2300655a4_piano.mxl	/app/data/uploads/566b614e-020a-4c37-9c12-ae4e9bb2391a	566b614e-020a-4c37-9c12-ae4e9bb2391a	application/mxl
34	3ca09bc6-6ebd-4014-8bbf-9cb302814d4b_piano.mxl	/app/data/uploads/e7ce7f06-69d1-471c-8951-c689342b36e2	e7ce7f06-69d1-471c-8951-c689342b36e2	application/mxl
35	Kitsch.pdf	/app/data/uploads/2f68b283-26ec-4247-ba1b-3ff671a7b59e.pdf	2f68b283-26ec-4247-ba1b-3ff671a7b59e.pdf	application/pdf
36	1fe11e71-1ece-4993-95cd-0acdf56890ec_piano.mxl	/app/data/uploads/54380305-9448-4ed2-97ef-db83e800743e	54380305-9448-4ed2-97ef-db83e800743e	application/mxl
37	7e4c5195-be55-4cd6-b782-ac71acd86a38_piano.mxl	/app/data/uploads/6084c216-1d7b-4575-9c25-bc43ca87c2ec	6084c216-1d7b-4575-9c25-bc43ca87c2ec	application/mxl
38	한페이지가될수있게.pdf	/app/data/uploads/48d24573-857a-4247-83d5-d95998c8c2b7.pdf	48d24573-857a-4247-83d5-d95998c8c2b7.pdf	application/pdf
39	b1b3ec70-654c-47ca-a4bb-9c4838ca2975_piano.mxl	/app/data/uploads/f405c85d-521d-4bef-9ca0-c178b7738c19	f405c85d-521d-4bef-9ca0-c178b7738c19	application/mxl
40	524ee18f-d681-4e1f-be98-d749a0039a24_piano.mxl	/app/data/uploads/77fb31f9-b709-4b02-93ed-4237c2123846	77fb31f9-b709-4b02-93ed-4237c2123846	application/mxl
41	1000022304.jpg	/app/data/uploads/e1fe02ba-ea9d-4b0e-a7da-75994311632b	e1fe02ba-ea9d-4b0e-a7da-75994311632b	image/jpeg
42	월광1악장.pdf	/app/data/uploads/f80ceae8-1ecc-4e33-9370-0e1bd740f229.pdf	f80ceae8-1ecc-4e33-9370-0e1bd740f229.pdf	application/pdf
43	승리.pdf	/app/data/uploads/c123e616-19a2-4511-aaf0-c9a4fbbb7781.pdf	c123e616-19a2-4511-aaf0-c9a4fbbb7781.pdf	application/pdf
44	밤의 종소리.pdf	/app/data/uploads/56ae45bf-6dee-4ec2-b5ef-250d5e20e9e5.pdf	56ae45bf-6dee-4ec2-b5ef-250d5e20e9e5.pdf	application/pdf
45	환상소곡.pdf	/app/data/uploads/62fb24e3-0b7f-4b71-96e4-1b19c7e352ca.pdf	62fb24e3-0b7f-4b71-96e4-1b19c7e352ca.pdf	application/pdf
46	한페이지가될수있게.pdf	/app/data/uploads/0f41514a-6e01-4a12-938c-2d2ce076060c.pdf	0f41514a-6e01-4a12-938c-2d2ce076060c.pdf	application/pdf
47	Kitsch(IVE)+아주+쉬운+악보+.pdf	/app/data/uploads/48ee2d1b-bec6-4a31-a9a0-ebeb4353c1b7.pdf	48ee2d1b-bec6-4a31-a9a0-ebeb4353c1b7.pdf	application/pdf
48	캔디(NCT)+아주+쉬운+악보(C+key).pdf	/app/data/uploads/2a9c7ab7-5a8f-4cfe-9856-99ccdcda5a40.pdf	2a9c7ab7-5a8f-4cfe-9856-99ccdcda5a40.pdf	application/pdf
49	Under+the+sea(인어공주).pdf	/app/data/uploads/e0d4023f-e3ef-4d43-ba97-ba4a0a06d7d9.pdf	e0d4023f-e3ef-4d43-ba97-ba4a0a06d7d9.pdf	application/pdf
50	exo-12월의기적.pdf	/app/data/uploads/498db664-6ef8-4b6c-b795-64c145d10d3e.pdf	498db664-6ef8-4b6c-b795-64c145d10d3e.pdf	application/pdf
\.


--
-- Data for Name: friend_request; Type: TABLE DATA; Schema: public; Owner: postgres
--

COPY public.friend_request (id, receiver_id, sender_id) FROM stdin;
\.


--
-- Data for Name: member; Type: TABLE DATA; Schema: public; Owner: postgres
--

COPY public.member (id, auth_email, birthday, email, gender, name, password, role, status_message, profile_pic_id) FROM stdin;
jsjs	t	1999-07-03	kmk2528@naver.com	M	하정수	$2a$10$3x8jIoHl1kWjotrR6oow2e8rRX/e6mmZlEoCXw0mmnaCAnb/X/BGK	ROLE_MEMBER	\N	2
somm	f	1998-09-08	s.min.9098@gmail.com	F	이소민	$2a$10$P8IlDB.isws5MBrOMtUIcuphfT4BzHFy/fklyg95upTZUVIhUM98e	ROLE_GUEST		\N
cscs	t	2024-08-02	pcs3373@naver.com	M	박찬수	$2a$10$8jJq/72aC0Q23EejiAnldOZBq1rhfFYQXHk0ebOHRfKiK2N7Co8Pi	ROLE_MEMBER	양종원 바보	6
tsts	t	1999-07-10	tskim4065@naver.com	M	김태성	$2a$10$xxWj4.aJxJjMdoEDg1bzWeXJR6bm93hk4sHScMgVB5O2XoFL0hrXm	ROLE_MEMBER	헤헤	1
admin	t	2024-08-15	piano.dev@gmail.com	M	관리자	 	ROLE_MEMBER	 	\N
jwjw	t	1998-06-13	yjw963@gmail.com	M	양종원	$2a$10$6cfHRAk/dmaCLXE/dRmIAuquYvGD74co2kZt5eayUpaYln9ehz1m6	ROLE_MEMBER	내 꿈은 유튜버!!!!!!!	4
bummi97	t	1998-06-17	seo6893@naver.com	M	서근범	$2a$10$Bj.aAO.sFKt340leMqpd6.ztoZvE7MRx62Kul/xYt4wf50xFWtXj2	ROLE_MEMBER	내 꿈은 구글입사!	3
smsm	t	1998-09-08	plumlee9288@gmail.com	F	이소민	$2a$10$xBc6gYW5N/zEEChBrcdvOetdrq7AAodwUqVxC6MF.2qF5P7T4NKPe	ROLE_MEMBER	아 집가고 싶다	41
\.


--
-- Data for Name: member_friends; Type: TABLE DATA; Schema: public; Owner: postgres
--

COPY public.member_friends (member_id, friends_id) FROM stdin;
smsm	tsts
tsts	smsm
smsm	jwjw
jwjw	smsm
jwjw	tsts
tsts	jwjw
tsts	cscs
cscs	tsts
smsm	cscs
cscs	smsm
smsm	bummi97
tsts	bummi97
jwjw	bummi97
bummi97	smsm
bummi97	tsts
bummi97	jwjw
cscs	jwjw
jwjw	cscs
\.


--
-- Data for Name: message; Type: TABLE DATA; Schema: public; Owner: postgres
--

COPY public.message (id, content, "timestamp", chat_room_id, receiver_id, sender_id) FROM stdin;
12	안녕하세요	2024-08-16 01:29:57.328542	4	jwjw	smsm
13	안녕	2024-08-16 02:59:29.488914	1	tsts	smsm
14	웅 누나	2024-08-16 02:59:36.867753	1	smsm	tsts
15	안녕하세요	2024-08-16 03:01:35.890445	4	smsm	jwjw
17	뭐하고계세용	2024-08-16 03:01:56.829165	4	jwjw	smsm
47	선생님	2024-08-16 03:50:33.554258	9	smsm	cscs
52	f	2024-08-16 03:53:46.653816	1	tsts	smsm
53	채팅!	2024-08-16 03:53:48.132427	1	smsm	tsts
54	ㅊ	2024-08-16 03:53:50.615298	1	tsts	smsm
55	애ㅓ믈	2024-08-16 03:53:51.775952	1	tsts	smsm
56	ㄹㄹ	2024-08-16 03:53:52.321297	1	tsts	smsm
57	ㄹㄹㄹㄹㄹ	2024-08-16 03:53:53.294767	1	tsts	smsm
58	ㄹ	2024-08-16 03:53:54.241391	1	tsts	smsm
59	ㄹ	2024-08-16 03:53:54.643843	1	tsts	smsm
60	ㄹ	2024-08-16 03:53:54.959835	1	tsts	smsm
61	ㄹ	2024-08-16 03:53:55.261152	1	tsts	smsm
62	뭐해?	2024-08-16 03:54:06.174211	1	smsm	tsts
63	얍	2024-08-16 03:54:07.261771	10	tsts	cscs
64	새로운 악보 찾는 중	2024-08-16 03:54:14.025887	1	tsts	smsm
65	굿	2024-08-16 03:54:23.232929	10	cscs	tsts
66	예	2024-08-16 03:54:26.678703	9	cscs	smsm
67	잘 가시나요	2024-08-16 03:54:29.325855	9	cscs	smsm
68	나도 도와줄게!	2024-08-16 03:54:52.559529	1	smsm	tsts
69	여기 잘되고	2024-08-16 03:54:57.146164	10	tsts	cscs
70	너꺼나 해..	2024-08-16 03:54:59.393677	1	tsts	smsm
71	여기 잘되고	2024-08-16 03:55:01.702652	9	smsm	cscs
72	메인에서도	2024-08-16 03:55:04.855768	9	smsm	cscs
73	들어와서	2024-08-16 03:55:06.667449	9	smsm	cscs
74	해보세요	2024-08-16 03:55:07.895824	9	smsm	cscs
75	흠	2024-08-16 03:55:14.557086	10	tsts	cscs
76	나 할 거 끝냈어!!	2024-08-16 03:55:18.380181	1	smsm	tsts
77	흠	2024-08-16 03:55:18.656512	9	smsm	cscs
78	새로고침도 해보고	2024-08-16 03:55:29.268326	10	tsts	cscs
79	그러면서 테스트좀	2024-08-16 03:55:32.674525	10	tsts	cscs
80	부탁	2024-08-16 03:55:34.365814	10	tsts	cscs
81	내일까지 캔디 다섯번 연습할거야	2024-08-16 03:55:41.310275	1	tsts	smsm
82	넵	2024-08-16 03:55:51.502526	9	cscs	smsm
83	나는 요즘 혁명에 빠졌어	2024-08-16 03:55:53.782354	1	smsm	tsts
84	그거 마스터 할 거야	2024-08-16 03:55:57.534432	1	smsm	tsts
85	흠	2024-08-16 03:55:57.994421	10	tsts	cscs
86	안녕하십니까	2024-08-16 03:56:00.040863	9	cscs	smsm
87	잘됩니다	2024-08-16 03:56:02.155775	9	cscs	smsm
88	네	2024-08-16 03:56:07.59017	9	smsm	cscs
89	역시	2024-08-16 03:56:10.802217	9	cscs	smsm
90	악보페이지에	2024-08-16 03:56:12.102495	9	smsm	cscs
91	있어도	2024-08-16 03:56:13.324264	9	smsm	cscs
92	# 대 찬 수	2024-08-16 03:56:13.913692	9	cscs	smsm
93	되나	2024-08-16 03:56:14.496936	9	smsm	cscs
94	ㄱㄷㄱ	2024-08-16 03:56:16.727696	9	cscs	smsm
95	넹	2024-08-16 03:56:28.790482	10	cscs	tsts
96	ㄱ	2024-08-16 03:56:28.896731	9	smsm	cscs
97	되네	2024-08-16 03:56:30.178181	9	smsm	cscs
98	흠	2024-08-16 03:56:30.927414	9	smsm	cscs
99	뭐 도와드릴까여	2024-08-16 03:56:31.908003	10	cscs	tsts
100	아까 맨처으멩 왜안딘거지	2024-08-16 03:56:38.25755	9	smsm	cscs
101	아	2024-08-16 03:56:38.627238	9	smsm	cscs
102	되네요	2024-08-16 03:56:39.230407	9	cscs	smsm
103	좋은데요	2024-08-16 03:56:43.758445	9	cscs	smsm
104	아뇨	2024-08-16 03:56:45.458424	10	tsts	cscs
105	귀엽다 	2024-08-16 03:56:47.10347	9	cscs	smsm
106	일단 잘됨	2024-08-16 03:56:47.324291	10	tsts	cscs
107	아	2024-08-16 03:56:56.633519	9	smsm	cscs
108	기모찌네요	2024-08-16 03:57:00.065384	10	cscs	tsts
109	내꺼 클라이언트가	2024-08-16 03:57:01.881914	9	smsm	cscs
110	새로고핌이 안되어있었나	2024-08-16 03:57:13.606066	9	smsm	cscs
111	헉 .. 응원할게	2024-08-16 03:57:15.771697	1	tsts	smsm
112	기억도 안남	2024-08-16 03:57:17.387098	9	smsm	cscs
113	일단	2024-08-16 03:57:20.528766	9	smsm	cscs
114	아까	2024-08-16 03:57:21.347891	9	smsm	cscs
115	종원이형이랑 테스트할때	2024-08-16 03:57:26.038163	9	smsm	cscs
116	내가 보기엔	2024-08-16 03:57:29.714382	9	smsm	cscs
117	100퍼확률로	2024-08-16 03:57:33.468884	9	smsm	cscs
118	안됐을거같은데	2024-08-16 03:57:35.582037	9	smsm	cscs
119	맞아?	2024-08-16 03:57:36.549301	9	smsm	cscs
120	전혀 안됐지	2024-08-16 03:57:39.114671	9	smsm	cscs
121	??	2024-08-16 03:57:41.146134	9	smsm	cscs
122	음..	2024-08-16 03:57:48.19645	9	cscs	smsm
123	맞음	2024-08-16 03:57:49.077539	9	cscs	smsm
124	그떄는 안됨	2024-08-16 03:57:51.747146	9	cscs	smsm
125	걍 채팅	2024-08-16 03:57:52.288234	9	smsm	cscs
126	나만 됨	2024-08-16 03:57:53.295587	9	cscs	smsm
127	자체가	2024-08-16 03:57:53.551655	9	smsm	cscs
128	?	2024-08-16 03:57:56.640225	9	smsm	cscs
129	누나는 됨?	2024-08-16 03:57:59.832236	9	smsm	cscs
130	아니아니	2024-08-16 03:58:00.447379	9	cscs	smsm
131	ㅇㅇㅇㅇ	2024-08-16 03:58:02.069067	9	cscs	smsm
132	??	2024-08-16 03:58:04.031368	9	smsm	cscs
133	종원이형은 못보내고	2024-08-16 03:58:07.190792	9	smsm	cscs
134	종원이만 안되었음 그때	2024-08-16 03:58:07.544367	9	cscs	smsm
135	엉엉	2024-08-16 03:58:11.004345	9	cscs	smsm
136	누나만보낼수있었다고 	2024-08-16 03:58:11.694758	9	smsm	cscs
137	ㅇㅇㅇㅇㅇㅇㅇㅇㅇ	2024-08-16 03:58:15.702356	9	cscs	smsm
138	그건또 뭐여	2024-08-16 03:58:17.075906	9	smsm	cscs
139	환장함	2024-08-16 03:58:18.790395	9	smsm	cscs
141	새로고침했는데고?	2024-08-16 03:58:25.218805	9	smsm	cscs
142	엠엠주세요	2024-08-16 03:58:25.231177	9	cscs	smsm
143	보내지나	2024-08-16 03:58:56.683898	9	cscs	smsm
144	보내지냐고요?	2024-08-16 03:59:03.193907	9	smsm	cscs
145	됨	2024-08-16 03:59:05.625572	9	cscs	smsm
146	굿	2024-08-16 03:59:07.750268	9	cscs	smsm
147	놀이터 고고?	2024-08-16 03:59:50.613093	1	smsm	tsts
148	오키오키	2024-08-16 04:00:03.649919	1	tsts	smsm
149	찬수한테도 물어볼게	2024-08-16 04:00:07.611606	1	tsts	smsm
150	방 만들고 초대해줘!	2024-08-16 04:00:21.633154	1	smsm	tsts
151	오키오키 기다려줘!!	2024-08-16 04:00:36.825238	1	tsts	smsm
152	5분 뒤 고고	2024-08-16 04:00:51.639496	1	tsts	smsm
153	안녕	2024-08-16 04:03:50.967682	11	jwjw	cscs
154	ㅇㅇ	2024-08-16 04:04:59.944348	11	cscs	jwjw
155	아니	2024-08-16 04:05:03.215048	11	cscs	jwjw
156	네트워크탭 여니까	2024-08-16 04:05:07.565926	11	cscs	jwjw
157	귀신같이되네	2024-08-16 04:05:10.030794	11	cscs	jwjw
158	미친ㅋ	2024-08-16 04:05:35.434865	11	jwjw	cscs
159	음	2024-08-16 04:11:31.529187	11	jwjw	cscs
160	흠	2024-08-16 04:14:03.383725	11	jwjw	cscs
\.


--
-- Data for Name: music; Type: TABLE DATA; Schema: public; Owner: postgres
--

COPY public.music (id, artist, favorite, modified_music_xml_route, music_img, music_xml_route, title, upload_date, user_id) FROM stdin;
16	\N	f	/app/data/uploads/9bc7bd9b-0705-4b8c-b09b-57835f34f411_modified.mxl	\N	/app/data/uploads/9bc7bd9b-0705-4b8c-b09b-57835f34f411.mxl	ive-loved	2024-08-16	jwjw
27	\N	f	/app/data/uploads/0f41514a-6e01-4a12-938c-2d2ce076060c_modified.mxl	\N	/app/data/uploads/0f41514a-6e01-4a12-938c-2d2ce076060c.mxl	한페이지가될수있게	2024-08-16	jwjw
18	\N	t	/app/data/uploads/6060db27-e87d-42b0-bcf3-ac282942d802_modified.mxl	/app/data/uploads/58b2231e-28f8-4cc6-87ab-48651ee1ff06_인어공주.png	/app/data/uploads/6060db27-e87d-42b0-bcf3-ac282942d802.mxl	인어공주	2024-08-16	smsm
24	\N	f	/app/data/uploads/c123e616-19a2-4511-aaf0-c9a4fbbb7781_modified.mxl	/app/data/uploads/fe1a961f-6a59-4c4f-8447-fbf1a66f7342_승리.png	/app/data/uploads/c123e616-19a2-4511-aaf0-c9a4fbbb7781.mxl	승리	2024-08-16	admin
7	\N	f	/app/data/uploads/3c1efd07-ffe3-417f-a6ac-43f35fb5f3c0_modified.mxl	/app/data/uploads/7d45356f-eda9-4b6a-9e18-094659232d66_엘리제를 위하여.png	/app/data/uploads/3c1efd07-ffe3-417f-a6ac-43f35fb5f3c0.mxl	엘리제를 위하여	2024-08-15	admin
29	\N	f	/app/data/uploads/2a9c7ab7-5a8f-4cfe-9856-99ccdcda5a40_modified.mxl	\N	/app/data/uploads/2a9c7ab7-5a8f-4cfe-9856-99ccdcda5a40.mxl	캔디(NCT)+아	2024-08-16	smsm
8	\N	f	/app/data/uploads/ac567976-b2f2-45da-a0f9-59cb757b2503_modified.mxl	/app/data/uploads/07e52fba-6027-49e0-abdd-9cc445e2382a_아라베스크.png	/app/data/uploads/ac567976-b2f2-45da-a0f9-59cb757b2503.mxl	아라베스크	2024-08-15	admin
2	\N	f	/app/data/uploads/f67a7412-3ce9-4b6b-9849-1c3d6e66c80d_modified.mxl	/app/data/uploads/7003e7ad-0f46-4e2f-8c90-9b316cee354c_버터플라이왈츠.png	/app/data/uploads/f67a7412-3ce9-4b6b-9849-1c3d6e66c80d.mxl	버터플라이왈츠	2024-08-15	admin
19	\N	f	/app/data/uploads/2f68b283-26ec-4247-ba1b-3ff671a7b59e_modified.mxl	/app/data/uploads/88cac32a-e1c4-41d7-8a12-72f66eec0e56_Kitsch.png	/app/data/uploads/2f68b283-26ec-4247-ba1b-3ff671a7b59e.mxl	Kitsch	2024-08-16	smsm
1	\N	f	/app/data/uploads/2898ab48-7d58-43f9-9c69-9dad733728b3_modified.mxl	/app/data/uploads/0309fd58-2527-4c54-8c81-a8efab0e427f_슈만,시인의사랑.png	/app/data/uploads/2898ab48-7d58-43f9-9c69-9dad733728b3.mxl	시인의사랑	2024-08-15	admin
6	\N	f	/app/data/uploads/84d5052d-f2d8-4931-ad53-ba89ad856566_modified.mxl	/app/data/uploads/64da712c-a277-4164-9f92-e44d5dcf4eca_드뷔시,환상.png	/app/data/uploads/84d5052d-f2d8-4931-ad53-ba89ad856566.mxl	환상	2024-08-15	admin
9	\N	f	/app/data/uploads/36ff5cdb-e87b-413e-a063-7d930d7d9509_modified.mxl	/app/data/uploads/3b42b91b-f306-400f-b4eb-8da45307bcb7_쇼팽,A플랫전주곡.png	/app/data/uploads/36ff5cdb-e87b-413e-a063-7d930d7d9509.mxl	A플랫전주곡	2024-08-15	admin
20	\N	f	/app/data/uploads/6084c216-1d7b-4575-9c25-bc43ca87c2ec	\N	/app/data/uploads/6084c216-1d7b-4575-9c25-bc43ca87c2ec	Sparkle	2024-08-16	jwjw
21	\N	f	/app/data/uploads/48d24573-857a-4247-83d5-d95998c8c2b7_modified.mxl	\N	/app/data/uploads/48d24573-857a-4247-83d5-d95998c8c2b7.mxl	한페이지가될수있게	2024-08-16	jwjw
22	\N	f	/app/data/uploads/f405c85d-521d-4bef-9ca0-c178b7738c19	\N	/app/data/uploads/f405c85d-521d-4bef-9ca0-c178b7738c19	너의이름은	2024-08-16	jwjw
23	\N	f	/app/data/uploads/77fb31f9-b709-4b02-93ed-4237c2123846	\N	/app/data/uploads/77fb31f9-b709-4b02-93ed-4237c2123846	미츠하	2024-08-16	jwjw
31	\N	f	/app/data/uploads/498db664-6ef8-4b6c-b795-64c145d10d3e_modified.mxl	\N	/app/data/uploads/498db664-6ef8-4b6c-b795-64c145d10d3e.mxl	exo-12월의기	2024-08-16	bummi97
14	\N	f	/app/data/uploads/c718c79b-afcc-4eec-8b68-ddfdafbfd719_modified.mxl	\N	/app/data/uploads/c718c79b-afcc-4eec-8b68-ddfdafbfd719.mxl	언제나 몇번이라도	2024-08-16	jwjw
15	\N	f	/app/data/uploads/d7d94233-90e5-408d-9b7e-8a73be92386a_modified.mxl	\N	/app/data/uploads/d7d94233-90e5-408d-9b7e-8a73be92386a.mxl	버터플라이왈츠	2024-08-16	jwjw
28	\N	f	/app/data/uploads/48ee2d1b-bec6-4a31-a9a0-ebeb4353c1b7_modified.mxl	/app/data/uploads/2b20ff2f-f654-4951-a891-ad6a1ca8b5f4_KitschIVE.png	/app/data/uploads/48ee2d1b-bec6-4a31-a9a0-ebeb4353c1b7.mxl	KitschIVE	2024-08-16	bummi97
3	\N	f	/app/data/uploads/3cdd47b8-e2df-4490-bf43-0e0e053be293_modified.mxl	/app/data/uploads/4be58c48-44fe-4e10-a42f-df26114982c1_클로에에게.png	/app/data/uploads/3cdd47b8-e2df-4490-bf43-0e0e053be293.mxl	클로에에게	2024-08-15	admin
12	\N	f	/app/data/uploads/7df95801-b2dc-4821-8f64-dda05e506ed3_modified.mxl	/app/data/uploads/324c22b8-001a-4724-9994-21acfd61759e_혁명.png	/app/data/uploads/7df95801-b2dc-4821-8f64-dda05e506ed3.mxl	혁명	2024-08-16	admin
26	\N	f	/app/data/uploads/62fb24e3-0b7f-4b71-96e4-1b19c7e352ca_modified.mxl	/app/data/uploads/62c909bf-0f36-4b34-ab11-24ad720ba805_환상소곡.png	/app/data/uploads/62fb24e3-0b7f-4b71-96e4-1b19c7e352ca.mxl	환상소곡	2024-08-16	admin
25	\N	f	/app/data/uploads/56ae45bf-6dee-4ec2-b5ef-250d5e20e9e5_modified.mxl	/app/data/uploads/59715312-1b18-46a5-bd84-128fd962a744_밤의 종소리.png	/app/data/uploads/56ae45bf-6dee-4ec2-b5ef-250d5e20e9e5.mxl	밤의 종소리	2024-08-16	admin
30	\N	f	/app/data/uploads/e0d4023f-e3ef-4d43-ba97-ba4a0a06d7d9_modified.mxl	/app/data/uploads/62651ba3-e99b-4e96-b03c-fd876540043e_언더더씨.png	/app/data/uploads/e0d4023f-e3ef-4d43-ba97-ba4a0a06d7d9.mxl	언더더씨	2024-08-16	bummi97
\.


--
-- Data for Name: music_high_score; Type: TABLE DATA; Schema: public; Owner: postgres
--

COPY public.music_high_score (id, score, user_id, music_id) FROM stdin;
1	78	smsm	19
\.


--
-- Data for Name: music_practice; Type: TABLE DATA; Schema: public; Owner: postgres
--

COPY public.music_practice (id, practice_count, practice_date, user_id, music_id) FROM stdin;
1	1	2024-08-15	jwjw	1
2	1	2024-08-15	smsm	2
3	1	2024-08-15	smsm	3
4	1	2024-08-15	jwjw	6
6	1	2024-08-16	jwjw	15
7	1	2024-08-16	jwjw	16
8	1	2024-08-16	smsm	18
13	1	2024-07-16	bummi97	12
14	1	2024-07-20	bummi97	12
15	1	2024-07-21	bummi97	12
16	1	2024-07-22	bummi97	12
17	1	2024-07-24	bummi97	12
18	1	2024-07-25	bummi97	12
19	1	2024-07-26	bummi97	12
9	5	2024-07-16	bummi97	3
10	4	2024-07-17	bummi97	7
11	2	2024-07-18	bummi97	8
12	3	2024-07-19	bummi97	2
20	4	2024-07-28	bummi97	3
21	3	2024-07-29	bummi97	1
22	4	2024-07-30	bummi97	6
23	3	2024-07-31	bummi97	9
24	4	2024-08-01	bummi97	3
25	5	2024-08-04	bummi97	7
26	4	2024-08-05	bummi97	8
27	3	2024-08-06	bummi97	9
28	4	2024-08-07	bummi97	1
29	5	2024-08-08	bummi97	6
30	4	2024-08-09	bummi97	2
31	5	2024-08-10	bummi97	9
32	5	2024-08-11	bummi97	8
33	3	2024-08-13	bummi97	2
34	4	2024-08-14	bummi97	7
35	3	2024-08-15	bummi97	3
36	2	2024-08-16	bummi97	7
38	1	2024-08-16	tsts	24
39	1	2024-08-16	tsts	25
5	2	2024-08-16	tsts	12
\.


--
-- Data for Name: music_test; Type: TABLE DATA; Schema: public; Owner: postgres
--

COPY public.music_test (id, grade, test_date, user_id, music_id) FROM stdin;
1	78	2024-08-16	smsm	19
\.


--
-- Data for Name: notification; Type: TABLE DATA; Schema: public; Owner: postgres
--

COPY public.notification (id, content, created_at, type, friend_request_id, receiver_id) FROM stdin;
175	{"senderId":"jwjw", "senderName":"양종원", "senderProfilePic":"/app/data/uploads/44e71e9c-8f5a-4509-9f4f-f5e58187a264/44e71e9c-8f5a-4509-9f4f-f5e58187a264", "chatRoomId":"11", "messageContent":"네트워크탭 여니까", "timestamp":"2024-08-16T04:05:07.565925596"}	2024-08-16 04:05:07.566689	CHAT	\N	cscs
176	{"senderId":"jwjw", "senderName":"양종원", "senderProfilePic":"/app/data/uploads/44e71e9c-8f5a-4509-9f4f-f5e58187a264/44e71e9c-8f5a-4509-9f4f-f5e58187a264", "chatRoomId":"11", "messageContent":"귀신같이되네", "timestamp":"2024-08-16T04:05:10.030793847"}	2024-08-16 04:05:10.031629	CHAT	\N	cscs
177	{"senderId":"cscs", "senderName":"박찬수", "senderProfilePic":"/app/data/uploads/d83489e4-4982-4066-be2c-a06f5bb4a94c/d83489e4-4982-4066-be2c-a06f5bb4a94c", "chatRoomId":"11", "messageContent":"미친ㅋ", "timestamp":"2024-08-16T04:05:35.434865061"}	2024-08-16 04:05:35.43592	CHAT	\N	jwjw
178	{"senderId":"cscs", "senderName":"박찬수", "senderProfilePic":"/app/data/uploads/d83489e4-4982-4066-be2c-a06f5bb4a94c/d83489e4-4982-4066-be2c-a06f5bb4a94c", "chatRoomId":"11", "messageContent":"음", "timestamp":"2024-08-16T04:11:31.529186561"}	2024-08-16 04:11:31.530591	CHAT	\N	jwjw
179	{"senderId":"cscs", "senderName":"박찬수", "senderProfilePic":"/app/data/uploads/d83489e4-4982-4066-be2c-a06f5bb4a94c/d83489e4-4982-4066-be2c-a06f5bb4a94c", "chatRoomId":"11", "messageContent":"흠", "timestamp":"2024-08-16T04:14:03.383725225"}	2024-08-16 04:14:03.385009	CHAT	\N	jwjw
170	{"senderId":"smsm", "senderName":"이소민", "senderProfilePic":"/app/data/uploads/e1fe02ba-ea9d-4b0e-a7da-75994311632b/e1fe02ba-ea9d-4b0e-a7da-75994311632b", "chatRoomId":"1", "messageContent":"5분 뒤 고고", "timestamp":"2024-08-16T04:00:51.639495764"}	2024-08-16 04:00:51.640374	CHAT	\N	tsts
\.


--
-- Data for Name: user_streak; Type: TABLE DATA; Schema: public; Owner: postgres
--

COPY public.user_streak (user_id, current_streak, last_practiced_date, max_streak) FROM stdin;
tsts	1	2024-08-16	1
jwjw	1	2024-08-16	2
smsm	2	2024-08-16	2
bummi97	4	2024-08-16	4
\.


--
-- Name: chat_room_id_seq; Type: SEQUENCE SET; Schema: public; Owner: postgres
--

SELECT pg_catalog.setval('public.chat_room_id_seq', 11, true);


--
-- Name: file_data_id_seq; Type: SEQUENCE SET; Schema: public; Owner: postgres
--

SELECT pg_catalog.setval('public.file_data_id_seq', 50, true);


--
-- Name: friend_request_id_seq; Type: SEQUENCE SET; Schema: public; Owner: postgres
--

SELECT pg_catalog.setval('public.friend_request_id_seq', 14, true);


--
-- Name: message_id_seq; Type: SEQUENCE SET; Schema: public; Owner: postgres
--

SELECT pg_catalog.setval('public.message_id_seq', 160, true);


--
-- Name: music_high_score_id_seq; Type: SEQUENCE SET; Schema: public; Owner: postgres
--

SELECT pg_catalog.setval('public.music_high_score_id_seq', 1, true);


--
-- Name: music_id_seq; Type: SEQUENCE SET; Schema: public; Owner: postgres
--

SELECT pg_catalog.setval('public.music_id_seq', 31, true);


--
-- Name: music_practice_id_seq; Type: SEQUENCE SET; Schema: public; Owner: postgres
--

SELECT pg_catalog.setval('public.music_practice_id_seq', 39, true);


--
-- Name: music_test_id_seq; Type: SEQUENCE SET; Schema: public; Owner: postgres
--

SELECT pg_catalog.setval('public.music_test_id_seq', 1, true);


--
-- Name: notification_id_seq; Type: SEQUENCE SET; Schema: public; Owner: postgres
--

SELECT pg_catalog.setval('public.notification_id_seq', 179, true);


--
-- Name: chat_room chat_room_pkey; Type: CONSTRAINT; Schema: public; Owner: postgres
--

ALTER TABLE ONLY public.chat_room
    ADD CONSTRAINT chat_room_pkey PRIMARY KEY (id);


--
-- Name: file_data file_data_pkey; Type: CONSTRAINT; Schema: public; Owner: postgres
--

ALTER TABLE ONLY public.file_data
    ADD CONSTRAINT file_data_pkey PRIMARY KEY (id);


--
-- Name: friend_request friend_request_pkey; Type: CONSTRAINT; Schema: public; Owner: postgres
--

ALTER TABLE ONLY public.friend_request
    ADD CONSTRAINT friend_request_pkey PRIMARY KEY (id);


--
-- Name: member_friends member_friends_pkey; Type: CONSTRAINT; Schema: public; Owner: postgres
--

ALTER TABLE ONLY public.member_friends
    ADD CONSTRAINT member_friends_pkey PRIMARY KEY (member_id, friends_id);


--
-- Name: member member_pkey; Type: CONSTRAINT; Schema: public; Owner: postgres
--

ALTER TABLE ONLY public.member
    ADD CONSTRAINT member_pkey PRIMARY KEY (id);


--
-- Name: message message_pkey; Type: CONSTRAINT; Schema: public; Owner: postgres
--

ALTER TABLE ONLY public.message
    ADD CONSTRAINT message_pkey PRIMARY KEY (id);


--
-- Name: music_high_score music_high_score_pkey; Type: CONSTRAINT; Schema: public; Owner: postgres
--

ALTER TABLE ONLY public.music_high_score
    ADD CONSTRAINT music_high_score_pkey PRIMARY KEY (id);


--
-- Name: music music_pkey; Type: CONSTRAINT; Schema: public; Owner: postgres
--

ALTER TABLE ONLY public.music
    ADD CONSTRAINT music_pkey PRIMARY KEY (id);


--
-- Name: music_practice music_practice_pkey; Type: CONSTRAINT; Schema: public; Owner: postgres
--

ALTER TABLE ONLY public.music_practice
    ADD CONSTRAINT music_practice_pkey PRIMARY KEY (id);


--
-- Name: music_test music_test_pkey; Type: CONSTRAINT; Schema: public; Owner: postgres
--

ALTER TABLE ONLY public.music_test
    ADD CONSTRAINT music_test_pkey PRIMARY KEY (id);


--
-- Name: notification notification_pkey; Type: CONSTRAINT; Schema: public; Owner: postgres
--

ALTER TABLE ONLY public.notification
    ADD CONSTRAINT notification_pkey PRIMARY KEY (id);


--
-- Name: notification ukgibg3efvtcs5fieb5jfc7nrki; Type: CONSTRAINT; Schema: public; Owner: postgres
--

ALTER TABLE ONLY public.notification
    ADD CONSTRAINT ukgibg3efvtcs5fieb5jfc7nrki UNIQUE (friend_request_id);


--
-- Name: member uks9ow3kw6f1fyk08a6o9f6mkgo; Type: CONSTRAINT; Schema: public; Owner: postgres
--

ALTER TABLE ONLY public.member
    ADD CONSTRAINT uks9ow3kw6f1fyk08a6o9f6mkgo UNIQUE (profile_pic_id);


--
-- Name: user_streak user_streak_pkey; Type: CONSTRAINT; Schema: public; Owner: postgres
--

ALTER TABLE ONLY public.user_streak
    ADD CONSTRAINT user_streak_pkey PRIMARY KEY (user_id);


--
-- Name: notification fk1jpw68rbaxvu8u5l1dniain1l; Type: FK CONSTRAINT; Schema: public; Owner: postgres
--

ALTER TABLE ONLY public.notification
    ADD CONSTRAINT fk1jpw68rbaxvu8u5l1dniain1l FOREIGN KEY (receiver_id) REFERENCES public.member(id);


--
-- Name: message fk3278rrjnqnqc6vwm8l4v2xydc; Type: FK CONSTRAINT; Schema: public; Owner: postgres
--

ALTER TABLE ONLY public.message
    ADD CONSTRAINT fk3278rrjnqnqc6vwm8l4v2xydc FOREIGN KEY (receiver_id) REFERENCES public.member(id);


--
-- Name: music_high_score fk3gyptcxjryk6884167wt48hkw; Type: FK CONSTRAINT; Schema: public; Owner: postgres
--

ALTER TABLE ONLY public.music_high_score
    ADD CONSTRAINT fk3gyptcxjryk6884167wt48hkw FOREIGN KEY (music_id) REFERENCES public.music(id);


--
-- Name: music_practice fk3o8h9prckepukthccnctwun3i; Type: FK CONSTRAINT; Schema: public; Owner: postgres
--

ALTER TABLE ONLY public.music_practice
    ADD CONSTRAINT fk3o8h9prckepukthccnctwun3i FOREIGN KEY (user_id) REFERENCES public.member(id);


--
-- Name: member_friends fk5871f92a54mhpwn65e7ployl8; Type: FK CONSTRAINT; Schema: public; Owner: postgres
--

ALTER TABLE ONLY public.member_friends
    ADD CONSTRAINT fk5871f92a54mhpwn65e7ployl8 FOREIGN KEY (friends_id) REFERENCES public.member(id);


--
-- Name: message fk5i8ac68n051032d9ga7gg6i85; Type: FK CONSTRAINT; Schema: public; Owner: postgres
--

ALTER TABLE ONLY public.message
    ADD CONSTRAINT fk5i8ac68n051032d9ga7gg6i85 FOREIGN KEY (chat_room_id) REFERENCES public.chat_room(id);


--
-- Name: member_friends fkbdnfj59k1f8vnr07m78mbce2w; Type: FK CONSTRAINT; Schema: public; Owner: postgres
--

ALTER TABLE ONLY public.member_friends
    ADD CONSTRAINT fkbdnfj59k1f8vnr07m78mbce2w FOREIGN KEY (member_id) REFERENCES public.member(id);


--
-- Name: chat_room fkbskentawd7fa152l1nw3tuhkf; Type: FK CONSTRAINT; Schema: public; Owner: postgres
--

ALTER TABLE ONLY public.chat_room
    ADD CONSTRAINT fkbskentawd7fa152l1nw3tuhkf FOREIGN KEY (member1_id) REFERENCES public.member(id);


--
-- Name: notification fkchwubl7efle8sapctoerl6h4b; Type: FK CONSTRAINT; Schema: public; Owner: postgres
--

ALTER TABLE ONLY public.notification
    ADD CONSTRAINT fkchwubl7efle8sapctoerl6h4b FOREIGN KEY (friend_request_id) REFERENCES public.friend_request(id);


--
-- Name: music_test fkf2ab1texpgdy1uj1yc14lm6ec; Type: FK CONSTRAINT; Schema: public; Owner: postgres
--

ALTER TABLE ONLY public.music_test
    ADD CONSTRAINT fkf2ab1texpgdy1uj1yc14lm6ec FOREIGN KEY (music_id) REFERENCES public.music(id);


--
-- Name: music_high_score fkim5xswos40ycmwlja5olxnn69; Type: FK CONSTRAINT; Schema: public; Owner: postgres
--

ALTER TABLE ONLY public.music_high_score
    ADD CONSTRAINT fkim5xswos40ycmwlja5olxnn69 FOREIGN KEY (user_id) REFERENCES public.member(id);


--
-- Name: friend_request fkjb5d7u2slfp3fy0912mq0r1rf; Type: FK CONSTRAINT; Schema: public; Owner: postgres
--

ALTER TABLE ONLY public.friend_request
    ADD CONSTRAINT fkjb5d7u2slfp3fy0912mq0r1rf FOREIGN KEY (receiver_id) REFERENCES public.member(id);


--
-- Name: music_practice fkku90g7kgssnne128kp3juvbys; Type: FK CONSTRAINT; Schema: public; Owner: postgres
--

ALTER TABLE ONLY public.music_practice
    ADD CONSTRAINT fkku90g7kgssnne128kp3juvbys FOREIGN KEY (music_id) REFERENCES public.music(id);


--
-- Name: friend_request fklplia5yaa4rqrmc15dqltgqdf; Type: FK CONSTRAINT; Schema: public; Owner: postgres
--

ALTER TABLE ONLY public.friend_request
    ADD CONSTRAINT fklplia5yaa4rqrmc15dqltgqdf FOREIGN KEY (sender_id) REFERENCES public.member(id);


--
-- Name: chat_room fkpufjp3radyt2unqbxwda3git0; Type: FK CONSTRAINT; Schema: public; Owner: postgres
--

ALTER TABLE ONLY public.chat_room
    ADD CONSTRAINT fkpufjp3radyt2unqbxwda3git0 FOREIGN KEY (member2_id) REFERENCES public.member(id);


--
-- Name: music_test fkqfqk68w4ir0pb08up6uol338p; Type: FK CONSTRAINT; Schema: public; Owner: postgres
--

ALTER TABLE ONLY public.music_test
    ADD CONSTRAINT fkqfqk68w4ir0pb08up6uol338p FOREIGN KEY (user_id) REFERENCES public.member(id);


--
-- Name: music fksi20bvp71p6xhikdl3nqs8wqu; Type: FK CONSTRAINT; Schema: public; Owner: postgres
--

ALTER TABLE ONLY public.music
    ADD CONSTRAINT fksi20bvp71p6xhikdl3nqs8wqu FOREIGN KEY (user_id) REFERENCES public.member(id);


--
-- Name: member fkt0qcoggy8bfxqbxgr045h0yrg; Type: FK CONSTRAINT; Schema: public; Owner: postgres
--

ALTER TABLE ONLY public.member
    ADD CONSTRAINT fkt0qcoggy8bfxqbxgr045h0yrg FOREIGN KEY (profile_pic_id) REFERENCES public.file_data(id);


--
-- Name: message fkt23a3aa8rhuah50164n3syecy; Type: FK CONSTRAINT; Schema: public; Owner: postgres
--

ALTER TABLE ONLY public.message
    ADD CONSTRAINT fkt23a3aa8rhuah50164n3syecy FOREIGN KEY (sender_id) REFERENCES public.member(id);


--
-- PostgreSQL database dump complete
--

